{
  "accurcy": 0.7532467532467533,
  "precision": 0.6666666666666666,
  "recall": 0.5925925925925926,
  "f1": 0.6274509803921569,
  "roc_auc": 0.8127777777777778
}